ID,Intensity Level,Prompt
1,Mild,Share your most embarrassing childhood nickname and the story behind it.
2,Mild,"What's your go-to karaoke song, even if you can't sing?"
3,Mild,"If you could have any superpower, what would it be and why?"
4,Mild,Describe your dream vacation in detail.
5,Mild,What's a weird food combination you secretly enjoy?
600,Mild,Two truths and a lie — but at least one of the truths has to be about your love life.
601,Mild,"Show the group the last song you played. If it's a breakup or a sex song, drink twice."
602,Mild,What emoji do you send when you're flirting? Demonstrate it on {{randomOtherPlayer}}.
603,Mild,"Describe your 'type' in three words, then point to whoever in this room comes closest."
604,Mild,What's the most attractive thing someone can do while fully clothed?
605,Mild,"Show your most-used GIF. If you have to explain it, drink."
606,Mild,Rank the group's outfits tonight from most to least likely to get someone's number.
607,Mild,Who's your celebrity 'free pass'? Drink if you'd actually go through with it.
608,Mild,Do your best impression of how you flirt after two drinks.
609,Mild,Whisper a compliment to {{randomOtherPlayer}} that you'd never say sober — or drink twice.
610,Mild,What's the pettiest reason you've ever ghosted someone?
611,Mild,Everyone guess {{randomOtherPlayer}}'s ideal first date. Closest guess gives out 3 drinks.
612,Mild,What's a song that instantly makes you think of someone in this room?
613,Mild,Never have I ever had a crush on a friend's sibling.
614,Mild,Drink if your search history would embarrass you right now.
615,Mild,Who in this room would you trust to pick your next date? Let them describe your dream match.
616,Mild,What's the smoothest thing anyone has ever said to you?
617,Mild,"Give {{randomOtherPlayer}} your best 'come hither' look. If they laugh, they drink."
618,Mild,What part of a first date makes you the most nervous?
619,Mild,Never have I ever practiced kissing on my own hand or a pillow.
620,Mild,Drink if you've ever rehearsed a text for longer than five minutes.
621,Mild,Which fictional character was your first crush? Be honest.
622,Mild,Give {{randomOtherPlayer}} a nickname you'd only call someone you were into.
623,Mild,What's your most embarrassing dating-app profile mistake?
624,Mild,Everyone point at the biggest flirt in the room on three. Most-pointed drinks.
625,Mild,Never have I ever pretended to like a hobby just to impress a crush.
626,Mild,What's the boldest way someone has ever slid into your DMs?
627,Mild,Drink if you're wearing something tonight that you picked specifically to look hot.
628,Mild,Compliment the person to your left like you're trying to take them home.
629,Mild,What's your green flag — the thing that instantly makes someone more attractive to you?
630,Mild,Do an impression of {{randomOtherPlayer}} attempting to flirt.
631,Mild,Never have I ever stalked a crush's ex on social media.
632,Mild,What's a completely non-sexual thing that you find weirdly hot?
633,Mild,Drink if you've said 'I'm not looking for anything serious' and completely meant the opposite.
634,Mild,"Who here gives the best hugs? Prove it, or drink."
635,Mild,"Describe your ideal cuddle position, then find your best match in the room."
636,Mild,Never have I ever caught feelings for someone I swore was 'just a hookup'.
637,Mild,What's the movie scene that secretly gets you every single time?
638,Mild,Drink if you'd let {{randomOtherPlayer}} scroll your camera roll for 30 seconds.
639,Mild,"What's your flirting go-to: eye contact, teasing, or compliments? Demonstrate it now."
640,Mild,Everyone vote: who's most likely to fall in love on vacation? They drink.
641,Mild,Never have I ever sent a risky text and immediately wished I could unsend it.
642,Mild,What's the worst pet name a partner has ever called you?
643,Mild,Slow-dance with {{randomOtherPlayer}} for 20 seconds — no music required.
644,Mild,Drink if you've ever had a dream about someone in this room. Don't say who.
645,Mild,"What's the most attractive accent, and can you do it?"
646,Mild,Give the room your honest idea of the perfect Saturday night with someone you're into.
647,Mild,Never have I ever kept a crush secret from the entire friend group.
648,Mild,Who here would last longest on a dating show? They give out 3 drinks.
649,Mild,What's a small gesture that instantly makes you catch feelings?
650,Mild,Drink if you've reread an old conversation just to relive the flirting.
651,Mild,"Do your best slow-motion hair flip. The group rates it out of 10; under 5, drink."
652,Mild,What's your most-used excuse to text someone you like?
653,Mild,Never have I ever gone out of my way to 'accidentally' run into a crush.
654,Mild,Trade phones with {{randomOtherPlayer}} and read their last sent text out loud.
655,Mild,What's the flirtiest thing you can say using only the name of a food?
656,Mild,Drink if you've ever changed your outfit because your crush might show up.
657,Mild,Who here would you pick as a fake date to make an ex jealous? Explain your pick.
658,Mild,Give {{randomOtherPlayer}} your most convincing bedroom eyes for 10 seconds without laughing.
659,Mild,What's the closest you've come to shooting your shot and chickening out?
100,Medium,Describe the most awkward first date you've ever been on.
101,Medium,What's a white lie you've told that spiraled out of control?
102,Medium,What's the most trouble you got into as a teenager?
103,Medium,Share a secret you've never told anyone in this room.
104,Medium,What's one thing you've done that you'd never tell your parents?
105,Medium,What's the craziest place you've ever had sex?
106,Medium,Share the dirtiest DM you've ever sent or received.
107,Medium,Have you ever cheated? Be honest or drink 3 times.
108,Medium,What's the most romantic thing someone's done for you?
109,Medium,If you've ever stood someone up on a date drink 8 times.
110,Medium,Have you ever used a cheesy pickup line? Say it now.
111,Medium,"If you've ever used a pickup line online or in real life, drink 4 times and tell the group."
112,Medium,Admit what the worst porn you've watched to give out 5 drinks.
113,Medium,Come up with a name for an erotic fiction book and detail what it's about.
114,Medium,What's your favorite body part on {{randomOtherPlayer}}?
115,Medium,What part of your body do you love being touched?
116,Medium,If you had to be stuck in an elevator with one person here — who?
117,Medium,What's your biggest turn-on that isn't sexual?
118,Medium,When did you first realize you were hot?
119,Medium,What's your favorite compliment to receive?
120,Medium,"If someone in this room kissed you right now, who'd you want it to be?"
121,Medium,What's the longest dry spell you've ever had?
122,Medium,"If you had to choose, would you rather give up cheese or oral sex for a year?"
123,Medium,"Dominant or submissive? Those that are dominant give out 4 drinks, while those that are submissive can drink 2."
124,Medium,How many people do you wish you'd had sex with in your life? Each player drinks that number.
125,Medium,Point at a player that you would want to have sex with and make them drink 6 times.
126,Medium,Drink if you have ever fantasized about someone in this room.
127,Medium,Take a drink for each person you've kissed in this room.
128,Medium,Take a sip every time you've sexted in the past week.
129,Medium,Drink if you've ever skinny-dipped.
130,Medium,Drink if you've ever sent a nude to the wrong person.
131,Medium,Drink if you've ever hooked up with a coworker.
132,Medium,Drink if you've ever faked an orgasm.
133,Medium,Finish your drink if you've ever faked an orgasm and the other person called you out on it.
134,Medium,Drink if you've ever texted 'you up?' past midnight.
135,Medium,Take 1 drink for every sex toy you own.
136,Medium,If you've ever moaned someone else's name by accident — drink twice.
137,Medium,"If you've ever hooked up with someone from a dating app, take 2 drinks."
138,Medium,Drink if you've ever lied about your body count.
139,Medium,Drink if you've ever had a crush on a teacher.
140,Medium,Drink if you've flirted to get something for free.
141,Medium,If you have ever done anal drink 6 times.
142,Medium,Anyone who masturbated today drink 4 times.
143,Medium,Anyone that has been skinny dipping drink 4 times.
144,Medium,If you've ever sucked your partner's toes drink 4 times.
145,Medium,If you've had sex 3 or more times in one night drink 6 times.
146,Medium,If you've ever faked an orgasm drink 4 times.
147,Medium,Drink 8 times if you've seen another one of the players naked.
148,Medium,If you've ever had sex in a car drink 5 times.
149,Medium,If you've ever used handcuffs or rope in bed give out 7 drinks.
150,Medium,If your body count is over 20 drink 4 times.
151,Medium,If you've had sex with more than one person in one night drink 8 times.
152,Medium,If you've ever participated in an orgy drink 4 times.
153,Medium,"If you've ever given oral sex, give out 6 drinks for being so generous."
154,Medium,Anyone who has filmed a porn film drink 4 times.
155,Medium,If you've taken someone's virginity drink 3 times.
156,Medium,If you've ever had sex in a hot tub or pool drink 5 times.
157,Medium,If you've ever been streaking drink 5 times.
158,Medium,If you've ever had sex with a person you only met within 24 hours drink 4 times.
159,Medium,If you have ever had sex in public drink 5 times.
160,Medium,Have you ever done 69 before? Drink 4 if yes.
161,Medium,Anyone that has had sex outdoors can drink 4 times.
162,Medium,If you've ever given or received a hickey drink 4.
163,Medium,If you've ever masturbated while in a public place drink 3 times.
164,Medium,Anyone with a tattoo drinks 4 times.
165,Medium,If you've ever been arrested drink once.
166,Medium,"If you've ever been in a car accident, drink 4 times."
167,Medium,Anyone that has vomited in public drinks 3 times.
168,Medium,Everyone wearing glasses (or contacts) right now drink 3 times.
169,Medium,If you've had the police called on you drink 4 times.
170,Medium,"Anyone that has done drugs tonight, drink twice."
171,Medium,If you're wearing some whacky socks give out 2 drinks.
172,Medium,Anyone whose name starts with 'J' can choose someone to finish half their drink.
173,Medium,Anyone holding a drink has to drink twice.
174,Medium,Everyone that doesn't wear glasses drinks 3 times.
175,Medium,"{{randomOtherPlayer}}, Give a drink to who you think has the best lips in the group."
176,Medium,"Pick which player is most likely to give the best head, the winner gets to give out 4 drinks."
177,Medium,Who here is most likely to be a freak in the sheets? They drink 3 times.
178,Medium,Who would you most want to receive a lap dance from? That person gives out 5 drinks.
179,Medium,Who here is most likely to have a secret OnlyFans? They drink 4 times.
180,Medium,"{{randomOtherPlayer}}, who do you think is the be the best kisser in this room? They have to prove it on someone of their choice."
181,Medium,Pick who is most likely to send the best sexts. They have to show their most recent sext or drink 4 times.
182,Medium,Who has the best ass in the room? Everyone has to slap it once or drink twice.
183,Medium,"{{randomOtherPlayer}}, who do you think is secretly the kinkiest? They have to confirm or deny."
184,Medium,Pick who is the least drunk and they will finish their drink.
185,Medium,Everyone vote for a player to down half their drink.
186,Medium,The person with the smallest boobs must drink.
187,Medium,The person with the biggest boobs must allow everyone to feel them.
188,Medium,"{{randomOtherPlayer}}, who has the most 'innocent face but dirty mind' energy? They drink 4."
189,Medium,"{{randomOtherPlayer}}, choose whose nude you would most like to see. They can either do it or drink 4 times."
190,Medium,"{{randomOtherPlayer}}, Pick someone else to drink with you."
191,Medium,Give {{randomOtherPlayer}} a quick peck on the lips — or take 1 drink.
192,Medium,Let {{randomOtherPlayer}} kiss you anywhere above the shoulders — or take 2 drinks.
193,Medium,Kiss {{randomOtherPlayer}} anywhere you choose above the waist — or take 2 drinks.
194,Medium,Let {{randomOtherPlayer}} run their hands through your hair for 15 seconds — or take 1 drink.
195,Medium,Hold {{randomOtherPlayer}}'s face in your hands and stare into their eyes for 30 seconds — first to laugh drinks.
196,Medium,Trace your finger slowly from {{randomOtherPlayer}}'s wrist to their shoulder — or take 2 drinks.
197,Medium,Let {{randomOtherPlayer}} whisper something dirty in your ear — you have to keep a straight face or drink.
198,Medium,Whisper your biggest turn-on into {{randomOtherPlayer}}'s ear — or take 2 drinks.
199,Medium,"Get blindfolded and guess who kisses you — if wrong, drink."
200,Medium,Lick {{randomOtherPlayer}}'s neck — no hands.
201,Medium,Give {{randomOtherPlayer}} a massage with both hands — no speaking.
202,Medium,Make intense eye contact with {{randomOtherPlayer}} while slowly taking a sip of their drink.
203,Medium,Stare into {{randomOtherPlayer}}'s eyes without breaking eye contact for 60 seconds.
204,Medium,Perform their best attempt at a romantic movie scene with {{randomOtherPlayer}}.
205,Medium,"Slow dance with {{randomOtherPlayer}} to the next song, regardless of what comes on."
206,Medium,"Do a sexual dance in front of the group, or finish your drink."
207,Medium,Make an orgasm face until another player makes eye contact with you.
208,Medium,Give a lap dance to {{randomOtherPlayer}}.
209,Medium,Sit on {{randomOtherPlayer}}'s lap for the next two rounds.
210,Medium,Remove one article of your own clothing — or take 3 drinks.
211,Medium,Let {{randomOtherPlayer}} choose which article of clothing you remove — or take 4 drinks.
212,Medium,Anyone willing to take their pants off can give out 10 drinks.
213,Medium,Anyone willing to take their top off can give out 8 drinks.
214,Medium,Anyone with buttons on their shirt must unbutton all of them and drink 2 times for each.
215,Medium,Anyone with their nipples out right now can give out 6 drinks.
216,Medium,Ask {{randomOtherPlayer}} 'truth or dare?' — you pick their outcome.
217,Medium,Let {{randomOtherPlayer}} come up with a dare for you — no backing out.
218,Medium,"Go around the room and take a turn each to ask another player any question, 10 drinks in case of refusal."
219,Medium,Anyone willing to reveal their weirdest sexual kink can give out 6 drinks.
220,Medium,Anyone willing to say the weirdest place they've had sex can give out 7 drinks.
221,Medium,The player to most recently shave their pubic area gives out 6 drinks.
222,Medium,The person who most recently measured their penis gives out 5 drinks.
223,Medium,Any player willing to admit the weirdest thing they've masturbated to gives out 6 drinks.
224,Medium,Any player willing to show a nude to the group gives out 10 drinks.
225,Medium,"Say your body count to give out 12 drinks, if not, drink 2."
226,Medium,Gives the group free access to their phone for 2 minutes and can give out 10 drinks.
227,Medium,{{randomOtherPlayer}} and you have to admit what you like to be called in bed to give out 5 drinks.
228,Medium,{{randomOtherPlayer}} and you share your weirdest sexual fantasy and give out 5 drinks.
229,Medium,"{{randomOtherPlayer}} and you reveal your weirdest turn on. Everyone votes for the weirdest one, who can give out 8 drinks."
230,Medium,Compliment {{randomOtherPlayer}} for 15 seconds without stopping.
231,Medium,{{randomOtherPlayer}} and you give a personalized compliment to everyone in the room or drink 7 times.
232,Medium,Play 'Thumb War' with {{randomOtherPlayer}} — loser drinks twice.
233,Medium,"Act out another player, first person to guess it gives out 8 drinks."
234,Medium,The most chatty person has to stop talking for 2 minutes and give out 9 drinks.
235,Medium,{{randomOtherPlayer}} can give out a drink every time you have to drink.
236,Medium,"Everyone vote for the person that can do the most pushups, they can give out 2 drinks for every 5 pushups that they do."
237,Medium,Everyone take a sip of your drink.
238,Medium,Youngest person in the room drinks 3 times.
239,Medium,Down your drink.
240,Medium,Women finish your drink.
241,Medium,Men drink 5 times.
242,Medium,Men finish your drink.
243,Medium,Anyone that has had an STI drinks 5 times.
244,Medium,Anyone whose partner is older than them gives out 3 drinks.
245,Medium,Drink as many times as people you've slept with.
246,Medium,Drink if you've ever had sex on the first date.
246,Medium,"Anyone born in the summer, drink"
247,Medium,Drink if you've ever hooked up with someone twice your age (or half your age).
247,Medium,"Anyone born in the spring, drink"
248,Medium,Drink if you've ever had a friends-with-benefits situation that got messy.
248,Medium,"Anyone born in the winter, drink"
249,Medium,Drink if you've ever slept with someone whose name you didn't know.
249,Medium,"Anyone born in the Fall, drink"
250,Medium,Drink if you've ever had sex while someone else was in the room.
250,Medium,"Anyone who has looked at an ex's instagram profile this week, drink"
251,Medium,Drink if you've ever woken up and regretted who was next to you.
251,Medium,"Anyone who has lied about their age to sleep with someone, drink"
252,Medium,Drink if you've ever had a one-night stand and snuck out before they woke up.
252,Medium,"Anyone who has been cheated on, the group drinks for you"
253,Medium,Drink if you've ever hooked up with two people in the same friend group.
253,Medium,"Anyone wearing black, drinks 3 times"
254,Medium,Drink if you've ever had sex somewhere you could have been arrested.
254,Medium,"Anyone wearing white, drinks 2 times"
255,Medium,Drink if you've ever been caught having sex.
255,Medium,"Anyone with a piercing (other than ears), drinks 3 times"
256,Medium,Drink if you have nudes of someone in this room saved on your phone.
256,Medium,"Anyone not wearing socks rights now, take a drink"
257,Medium,Drink if you've ever screenshot someone's nudes to send to a friend.
257,Medium,"Anyone not wearing underwear, take a drink"
258,Medium,Drink if you've ever had sex while at work.
258,Medium,"Anyone showing cleavage right now, take a drink"
259,Medium,Drink if you've ever sent a nude to multiple people.
259,Medium,"Shortest person in the room, finish your drink"
260,Medium,Drink if you've ever had facetime sex.
261,Medium,Drink if you've ever watched porn with a partner.
262,Medium,Drink if you've ever tried roleplay in the bedroom.
263,Medium,Drink if you've ever been choked during sex (and liked it).
264,Medium,Drink if you've ever called someone 'daddy' or 'mommy' in bed.
265,Medium,Drink if you've ever used a sex toy with a partner.
266,Medium,Drink if you've ever been tied up or tied someone else up.
267,Medium,Drink if you've ever hooked up with an ex.
268,Medium,Drink if you've ever hooked up with someone who was in a relationship.
269,Medium,Drink if you've ever hooked up with a friend's significant other.
270,Medium,Drink if you've ever lied about your body count to someone you were dating.
700,Medium,What's the horniest text you've ever sent while completely sober?
701,Medium,Never have I ever hooked up with someone and never learned their last name.
702,Medium,Describe your type of 'trouble' — the person you know you should avoid but never do.
703,Medium,Drink once for every dating app currently installed on your phone.
704,Medium,What's the most reckless thing you've done just to see someone you were sleeping with?
705,Medium,Whisper to {{randomOtherPlayer}} the dirtiest thing you're comfortable saying out loud.
706,Medium,Never have I ever hooked up with someone at a wedding.
707,Medium,What's your loudest 'oh no' hookup story? Tell it or take 4 drinks.
708,Medium,Silently rank the players by who'd be best in bed — then say your number one out loud.
709,Medium,Drink if you've ever left in the middle of the night to go hook up with someone.
710,Medium,What's the biggest age gap you've been with? Everyone drinks the gap divided by five.
711,Medium,Never have I ever had a 'we don't talk about it' hookup inside my friend group.
712,Medium,Show {{randomOtherPlayer}} your signature move for turning a hug into something more.
713,Medium,What's the wildest thing living in your bedside drawer right now?
714,Medium,Drink if you've ever hooked up with someone purely to get over someone else.
715,Medium,American Pie style: what's your most embarrassing 'caught in the act' moment?
716,Medium,Never have I ever faked a phone call to escape a date that was about to go further.
717,Medium,Whose number in this room would be the most dangerous for you to have? Explain.
718,Medium,What's the fastest you've ever gone from 'hello' to hooking up?
719,Medium,Drink if you've hooked up somewhere you absolutely should not have.
720,Medium,"Describe your ideal after-party with one person here — keep it clean for 15 seconds, then drink."
721,Medium,Never have I ever been so loud I woke up someone in the next room.
722,Medium,What's a body part people compliment you on that you secretly love?
723,Medium,Give {{randomOtherPlayer}} a 15-second shoulder rub while describing what you'd do next.
724,Medium,What's the most a hookup has ever cost you — dignity included?
725,Medium,Drink if you've ever done a walk of shame in last night's clothes.
726,Medium,Never have I ever sent a voice note I'd be mortified for my family to hear.
727,Medium,Who here would you pick for a no-strings weekend away? Say it and give them 4 drinks.
728,Medium,What's the boldest place you've flashed someone or been flashed?
729,Medium,"Do your best impression of your own 'sex face'. Group rates it; under 5, drink 3."
730,Medium,Never have I ever had to check my phone to remember a hookup's name the next day.
731,Medium,What's the dirtiest thing you've ever said in public with a totally straight face?
732,Medium,"Drink if you've had a hookup interrupted by a roommate, parent, or pet."
733,Medium,Trade one number with {{randomOtherPlayer}} — body count or number of drinks — you pick which.
734,Medium,What's the fantasy you replay the most but have never told anyone?
735,Medium,Never have I ever dragged out a situationship way past its expiration date.
736,Medium,Move next to {{randomOtherPlayer}} and describe your version of a perfect kiss.
737,Medium,What's the pettiest thing you've done to an ex after a breakup?
738,Medium,Drink if you've ever screenshotted a flirty conversation to show your friends.
739,Medium,Which player has the most 'main character in a rom-com' energy? They give out 4 drinks.
740,Medium,Never have I ever had a hookup story too wild to tell my closest friends.
741,Medium,What's the most creative use you've found for something that isn't a sex toy?
742,Medium,Describe your ideal one-night stand from start to finish in exactly ten words.
743,Medium,Drink if you've ever hooked up with someone purely because of one photo.
744,Medium,What's your red flag that scares people off but you refuse to change?
745,Medium,Never have I ever had feelings for two people in this room at the same time.
746,Medium,Let {{randomOtherPlayer}} ask you one question about your sex life you must answer or finish your drink.
747,Medium,What's the most awkward thing that has ever happened mid-hookup?
748,Medium,Drink if you've ever kept someone's hoodie far longer than the relationship lasted.
749,Medium,Californication rule: describe the messiest love triangle you've ever been part of.
750,Medium,What's your go-to move to signal you want someone to make the first move?
751,Medium,Never have I ever hooked up with an ex's friend out of spite.
752,Medium,Rate {{randomOtherPlayer}}'s outfit tonight on a 'take it off' scale of 1 to 10.
753,Medium,What's the naughtiest thing you've ever done at a workplace?
754,Medium,Drink if your body count is higher than the number of players in this room.
755,Medium,"Describe the kind of kiss that would make you fall for someone instantly, then demo it in the air."
756,Medium,Never have I ever sent nearly the same flirty text to two different people in one night.
757,Medium,What's the most convincing excuse you've used to skip the morning after?
758,Medium,"Give {{randomOtherPlayer}} a genuine compliment about their body, then you both drink."
759,Medium,"What's a sound, smell, or song that instantly turns you on?"
760,Medium,Drink if you've ever had a crush on someone completely off-limits.
761,Medium,Never have I ever hidden a hookup because I was embarrassed about who it was.
762,Medium,Who in this room would you sneak off with right now if there were zero consequences? Point silently.
763,Medium,What's the most impulsive thing you've ever bought to impress someone in bed?
764,Medium,Tell your worst 'the sex was bad but I stayed anyway' story.
765,Medium,Drink if you've ever called a hookup 'the last time' more than three times.
766,Medium,Never have I ever gotten a little too into a couples' costume.
767,Medium,What's the flirtiest dare you'd actually accept right now? Say it — someone might hold you to it.
768,Medium,"Let the group vote: a truth about your wildest night, or a dare of their choosing."
769,Medium,What's your best 'I can't believe that actually worked' pickup story?
770,Medium,Drink if you've ever left a party early specifically to go hook up.
771,Medium,Never have I ever made a dedicated hookup playlist.
772,Medium,Demonstrate how you take off a jacket when you're trying to be sexy about it.
773,Medium,What's the boldest thing you've whispered in someone's ear on a dance floor?
774,Medium,Who here would you cast as the love interest in the movie of your life? They drink 3.
775,Medium,What's the closest you've ever come to joining the mile-high club?
776,Medium,Drink if you've kept flirting with someone long after you knew it was a bad idea.
777,Medium,Never have I ever been the reason a couple got into a fight.
778,Medium,"Describe your ideal 'bad decision' — the person, the place, the vibe — in one sentence."
779,Medium,"Let {{randomOtherPlayer}} pick: answer their dirtiest question, or take 4 drinks and give them a compliment."
300,Extreme,What's the kinkiest thing you've ever considered trying?
301,Extreme,Describe your most scandalous public display of affection.
302,Extreme,"Who in this room would you most likely have a one-night stand with, and why?"
303,Extreme,What's the riskiest place you've ever had sex?
304,Extreme,"Share your raunchiest, most NSFW fantasy in detail."
305,Extreme,Truth: Have you ever sent a nude to the wrong person? Dare: Send a flirty text to your latest contact.
306,Extreme,What's the most embarrassing thing on your phone right now?
307,Extreme,Reveal your dirtiest sexual fantasy or take 4 drinks.
308,Extreme,Share your most recent sex dream or take 3 shots.
309,Extreme,Tell the group how many people you've slept with.
310,Extreme,Tell the group your biggest sexual secret or take 4 shots.
311,Extreme,"Describe the kinkiest thing you've done, or take 3 drinks."
312,Extreme,Reveal your wildest sexual fantasy — or take 5 drinks.
313,Extreme,Describe exactly what you'd do to {{randomOtherPlayer}} if you were alone — or take 5 drinks.
314,Extreme,Tell the group your body count — anyone who guesses within 3 gets to give you a dare.
315,Extreme,"If you've ever slept with anyone in this room, name them or take 5 drinks."
316,Extreme,Describe how you like to be touched then let {{randomOtherPlayer}} try or drink 3 times.
317,Extreme,Whisper a dirty fantasy to {{randomOtherPlayer}} or take 2 drinks.
318,Extreme,Whisper the last dirty text you sent into {{randomOtherPlayer}}'s ear.
319,Extreme,Whisper your dirtiest fantasy into {{randomOtherPlayer}}'s ear — or take 3 drinks.
320,Extreme,Let {{randomOtherPlayer}} whisper their dirtiest thought into your ear — or take 2 drinks.
321,Extreme,"If you've had a threesome, take 3 drinks."
322,Extreme,"If you've had sex outdoors, take 3 drinks."
323,Extreme,"If you've ever joined the mile high club, take 4 drinks."
324,Extreme,"If you've ever filmed yourself having sex, take 2 drinks."
325,Extreme,"If you've had a one-night stand this year, remove one item of clothing."
326,Extreme,Remove one piece of clothing for each person here you've kissed.
327,Extreme,Start with a teasing kiss to {{randomOtherPlayer}} — just a peck — or take 2 drinks.
328,Extreme,Make out with {{randomOtherPlayer}} for 15 seconds.
329,Extreme,Make out with {{randomOtherPlayer}} for 30 seconds or take 3 drinks.
330,Extreme,Full makeout session with {{randomOtherPlayer}} — or finish your drink.
331,Extreme,French kiss {{randomOtherPlayer}} while the group watches.
332,Extreme,Pull {{randomOtherPlayer}} into a passionate kiss or drink 3 times.
333,Extreme,Kiss everyone in the room on the lips.
334,Extreme,Kiss any spot {{randomOtherPlayer}} chooses — or take 2 shots.
335,Extreme,"Pick any body part on {{randomOtherPlayer}} and plant a long, wet kiss — or take 2 drinks."
336,Extreme,Let {{randomOtherPlayer}} kiss anywhere on your body they choose — or take 4 drinks.
337,Extreme,Hover your lips close to {{randomOtherPlayer}}'s without kissing for 30 seconds — or take 3 drinks.
338,Extreme,Put an ice cube in your mouth and kiss {{randomOtherPlayer}}.
339,Extreme,Demonstrate on {{randomOtherPlayer}} how you like to be kissed — or take 3 drinks.
340,Extreme,Kiss {{randomOtherPlayer}}'s neck for 15 seconds — or take 3 drinks.
341,Extreme,Let {{randomOtherPlayer}} bite or suck your neck or take 2 drinks.
342,Extreme,Kiss {{randomOtherPlayer}}'s collarbone for 10 seconds — or take 2 drinks.
343,Extreme,Gently bite {{randomOtherPlayer}}'s earlobe — or take 2 drinks.
344,Extreme,Kiss {{randomOtherPlayer}}'s stomach for 10 seconds — or take 3 drinks.
345,Extreme,Kiss a trail down {{randomOtherPlayer}}'s stomach — or take 2 drinks.
346,Extreme,Kiss down the length of {{randomOtherPlayer}}'s spine — or take 2 drinks.
347,Extreme,Lick {{randomOtherPlayer}}'s inner thigh.
348,Extreme,Kiss {{randomOtherPlayer}}'s inner thighs — or take 3 drinks.
349,Extreme,Kiss from {{randomOtherPlayer}}'s ankle to their inner thigh or take 3 drinks.
350,Extreme,Let {{randomOtherPlayer}} kiss your body (excluding genitals) for 1 minute or take 3 drinks.
351,Extreme,Lie down and let {{randomOtherPlayer}} kiss their way down your body or drink 3 times.
352,Extreme,Lick or kiss any body part that {{randomOtherPlayer}} chooses no clothes in the way or drink 4 times.
353,Extreme,Crawl seductively to {{randomOtherPlayer}} and kiss their chest or drink 2 times.
354,Extreme,Give {{randomOtherPlayer}} a hickey for 15 seconds.
355,Extreme,Leave a visible hickey on {{randomOtherPlayer}} — or take 3 drinks.
356,Extreme,Let {{randomOtherPlayer}} leave a mark anywhere on your body — or take 3 drinks.
357,Extreme,Let {{randomOtherPlayer}} lightly mark you with a bite or hickey or drink 3 times.
358,Extreme,Let {{randomOtherPlayer}} leave a lipstick mark (or kiss mark) anywhere visible on your body — or take 3 drinks.
359,Extreme,Lick {{randomOtherPlayer}}'s nipples for 10 seconds.
360,Extreme,Suck on {{randomOtherPlayer}}'s finger slowly.
361,Extreme,Let {{randomOtherPlayer}} suck on your fingers or drink 2 times.
362,Extreme,Suck on {{randomOtherPlayer}}'s toe or take 2 shots.
363,Extreme,Run your lips gently over any body part of {{randomOtherPlayer}} above the waist — or take 2 drinks.
364,Extreme,Run your lips gently over any body part of {{randomOtherPlayer}} below the waist — or take 3 drinks.
365,Extreme,Let {{randomOtherPlayer}} trace every inch of your body with their finger or drink 3 times.
366,Extreme,Slowly trace your fingertips across {{randomOtherPlayer}}'s bare ass — or take 3 drinks.
367,Extreme,Let {{randomOtherPlayer}} slowly slide their hand up your inner thigh or drink 3 times.
368,Extreme,Let {{randomOtherPlayer}} demonstrate on you how they like to be touched — or take 3 drinks.
369,Extreme,Take a body shot off {{randomOtherPlayer}}.
370,Extreme,Take a body shot off {{randomOtherPlayer}} — or take 2 shots yourself.
371,Extreme,Pour a shot into {{randomOtherPlayer}}'s belly button and drink it.
372,Extreme,Take a shot off {{randomOtherPlayer}}'s body — you pick the spot.
373,Extreme,Let {{randomOtherPlayer}} take a shot off your body — they pick the spot.
374,Extreme,Lick whipped cream off {{randomOtherPlayer}}'s neck.
375,Extreme,Lick whipped cream off any body part {{randomOtherPlayer}} chooses — or finish your drink.
376,Extreme,Cover any body part you choose on {{randomOtherPlayer}} with whipped cream and lick it clean — or take 3 drinks.
377,Extreme,Let {{randomOtherPlayer}} lick whipped cream off your body or drink 3 times.
378,Extreme,Put ice down your underwear for the next round.
379,Extreme,Use only your mouth to melt ice on {{randomOtherPlayer}}'s body — or take 3 drinks.
380,Extreme,Let {{randomOtherPlayer}} melt ice on your body using only their mouth — or take 2 drinks.
381,Extreme,Tease {{randomOtherPlayer}}'s nipples with ice — or take 3 drinks.
382,Extreme,Run an ice cube across {{randomOtherPlayer}}'s chest with your mouth — or take 3 drinks.
383,Extreme,Let {{randomOtherPlayer}} run an ice cube anywhere on your body with their mouth — or take 3 drinks.
384,Extreme,Pick {{randomOtherPlayer}} to give you a lap dance.
385,Extreme,Give a full lap dance to {{randomOtherPlayer}} — or take 4 drinks.
386,Extreme,Receive a lap dance from {{randomOtherPlayer}} — or take 3 drinks.
387,Extreme,Grind on {{randomOtherPlayer}} for 2 minutes — or take 4 drinks.
388,Extreme,Let {{randomOtherPlayer}} grind on you for 2 minutes — or take 4 drinks.
389,Extreme,Let {{randomOtherPlayer}} grind on you for 30 seconds or take 3 drinks.
390,Extreme,Grind on {{randomOtherPlayer}}'s lap for one full song — or finish your drink.
391,Extreme,Straddle {{randomOtherPlayer}} for 30 seconds — or take 4 drinks.
392,Extreme,Sit on {{randomOtherPlayer}}'s lap for the next 5 rounds.
393,Extreme,Sit on {{randomOtherPlayer}}'s lap facing them for 1 minute or drink 3 times.
394,Extreme,Strip down to your underwear for the next 3 rounds.
395,Extreme,Flash the group or finish your drink.
396,Extreme,Wear nothing but your underwear for the rest of the game.
397,Extreme,Strip completely naked for the next round or take 5 drinks.
398,Extreme,Strip down completely — or take 3 drinks.
399,Extreme,Remove any piece of clothing — or take 2 drinks.
400,Extreme,Let {{randomOtherPlayer}} remove any piece of your clothing — or take 3 drinks.
401,Extreme,Remove {{randomOtherPlayer}}'s top.
402,Extreme,Remove {{randomOtherPlayer}}'s pants using only your teeth.
403,Extreme,Use only your teeth to remove one piece of {{randomOtherPlayer}}'s clothing — or take 4 drinks.
404,Extreme,Remove any article of {{randomOtherPlayer}}'s clothing using only your teeth — or take 4 drinks.
405,Extreme,Have {{randomOtherPlayer}} remove your underwear using only their teeth or drink 4 times.
406,Extreme,Let {{randomOtherPlayer}} unhook your bra (or unzip your pants) with one hand or drink 3 times.
407,Extreme,Swap a piece of clothing with {{randomOtherPlayer}}.
408,Extreme,Swap underwear with {{randomOtherPlayer}} for the next 10 minutes.
409,Extreme,Swap underwear with {{randomOtherPlayer}} and wear it for 2 rounds or take 3 drinks.
410,Extreme,Remove your underwear and toss it to {{randomOtherPlayer}} or finish your drink.
411,Extreme,Go in the bathroom with {{randomOtherPlayer}} and swap one item of clothing or drink 3 times.
412,Extreme,{{randomOtherPlayer}} chooses: kiss them or lose an article of clothing.
413,Extreme,Give {{randomOtherPlayer}} a strip tease for one full song.
414,Extreme,Do a striptease for {{randomOtherPlayer}} or take 3 drinks.
415,Extreme,Give {{randomOtherPlayer}} a private strip show to music or drink 3 times.
416,Extreme,Put on a sexy song and strip one article of clothing — or take 3 drinks.
417,Extreme,Put on a sexy song and let {{randomOtherPlayer}} remove one article of your clothing — or take 4 drinks.
418,Extreme,"Have {{randomOtherPlayer}} undress you slowly, the way you describe or take 4 drinks."
419,Extreme,Massage {{randomOtherPlayer}}'s inner thighs for 30 seconds.
420,Extreme,Give {{randomOtherPlayer}} a sensual massage above the waist for 1 minute — or take 2 drinks.
421,Extreme,Give {{randomOtherPlayer}} a deep massage below the waist for 1 minute — or take 3 drinks.
422,Extreme,Give {{randomOtherPlayer}} a 30-second massage anywhere below the waist (over clothes) — or take 3 drinks.
423,Extreme,Explore {{randomOtherPlayer}}'s body with your hands for 30 seconds — or take 2 drinks.
424,Extreme,Allow {{randomOtherPlayer}} to feel your chest or butt with both hands or drink 3 times.
425,Extreme,Let {{randomOtherPlayer}} grope your entire body for 1 minute or drink 4 times.
426,Extreme,Spank {{randomOtherPlayer}} — hard.
427,Extreme,Spank {{randomOtherPlayer}} hard for 30 seconds — or take 3 drinks.
428,Extreme,Get spanked hard by {{randomOtherPlayer}} for 30 seconds — or take 3 drinks.
429,Extreme,Get spanked with a belt by {{randomOtherPlayer}} or take 3 shots.
430,Extreme,Let {{randomOtherPlayer}} spank you while you moan their name or take 2 drinks.
431,Extreme,Let {{randomOtherPlayer}} pull your pants down and bite your butt or drink 3 times.
432,Extreme,Pinch {{randomOtherPlayer}}'s nipples — or take 2 drinks.
433,Extreme,Let {{randomOtherPlayer}} pinch your nipples — or take 3 drinks.
434,Extreme,Motorboat {{randomOtherPlayer}} — or take 2 shots.
435,Extreme,Blindfold {{randomOtherPlayer}} and kiss them somewhere unexpected.
436,Extreme,Blindfold {{randomOtherPlayer}} and kiss them somewhere they won't expect — or take 3 drinks.
437,Extreme,Get blindfolded and allow {{randomOtherPlayer}} to touch you wherever they want for 15 seconds.
438,Extreme,Blindfold yourself and let {{randomOtherPlayer}} control you — or take 2 drinks.
439,Extreme,Be blindfolded while {{randomOtherPlayer}} explores your body for 60 seconds or take 3 drinks.
440,Extreme,Get blindfolded. {{randomOtherPlayer}} does whatever they want to you for 30 seconds — or both take 3 drinks.
441,Extreme,Get handcuffed to a chair for the next 5 rounds.
442,Extreme,Let {{randomOtherPlayer}} tie you up with whatever's in the room.
443,Extreme,Tie {{randomOtherPlayer}} up completely — or take 3 drinks.
444,Extreme,Get tied up by {{randomOtherPlayer}} — or take 3 drinks.
445,Extreme,Tie {{randomOtherPlayer}} up and tease for 2 minutes — or take 4 drinks.
446,Extreme,Get tied up by {{randomOtherPlayer}} and teased for 2 minutes — or take 4 drinks.
447,Extreme,Let {{randomOtherPlayer}} pin you to a wall or the floor or drink 3 times.
448,Extreme,Let {{randomOtherPlayer}} do whatever they want to you for 30 seconds — or take 3 drinks.
449,Extreme,Do anything you want to {{randomOtherPlayer}} for 30 seconds — or take 3 drinks.
450,Extreme,{{randomOtherPlayer}} is your master for the next 3 rounds — you must do whatever they say or drink.
451,Extreme,Let the group dare you to do anything to {{randomOtherPlayer}} — majority rules.
452,Extreme,{{randomOtherPlayer}} gets to ask you any yes/no question — you must answer truthfully or strip.
453,Extreme,Simulate 69 position with {{randomOtherPlayer}} for 30 seconds — or take 4 drinks.
454,Extreme,Simulate oral sex (clothed) on {{randomOtherPlayer}} for 15 seconds or drink 3 times.
455,Extreme,Simulate sex (clothed) with {{randomOtherPlayer}} for 30 seconds or drink 3 times.
456,Extreme,Recreate a sex scene with {{randomOtherPlayer}} or take 4 drinks.
457,Extreme,Reenact your favorite porn scene with {{randomOtherPlayer}} or take 4 drinks.
458,Extreme,Act out a sex fantasy with {{randomOtherPlayer}} (clothed or not) or drink 4 drinks.
459,Extreme,Demonstrate your favorite sex position (fully clothed) or take 3 shots.
460,Extreme,Perform a fake orgasm for 10 seconds.
461,Extreme,Knock {{randomOtherPlayer}} over and 'accidentally' get busy for a few seconds — or take 4 drinks.
462,Extreme,Have a one-minute hookup simulation with {{randomOtherPlayer}} or drink 4 drinks.
463,Extreme,Simulate being on top of {{randomOtherPlayer}} while telling them what you'd do or drink 3 times.
464,Extreme,Pretend to give oral sex to a bottle while locking eyes with {{randomOtherPlayer}} or drink 3 times.
465,Extreme,Simulate fingering or oral on yourself while describing it to {{randomOtherPlayer}} or take 4 drinks.
466,Extreme,Let {{randomOtherPlayer}} put their hand down your pants for 10 seconds or take 3 drinks.
467,Extreme,Finger (or simulate) {{randomOtherPlayer}} under clothes for 15 seconds or drink 3 times.
468,Extreme,Strip completely and let {{randomOtherPlayer}} touch you anywhere but genitals for 60 seconds or finish your drink.
469,Extreme,Get naked and lie down while {{randomOtherPlayer}} straddles you or drink 4 times.
470,Extreme,Let {{randomOtherPlayer}} lie on top of you shirtless for 30 seconds or drink 3 times.
471,Extreme,Sit naked while {{randomOtherPlayer}} gives you compliments on each body part or drink 3 times.
472,Extreme,Dare: {{randomOtherPlayer}} must remove your pants and feel inside your underwear.
473,Extreme,Use a toy of {{randomOtherPlayer}}'s choice on yourself for 30 seconds — or take 4 drinks.
474,Extreme,Use a toy of your choice on {{randomOtherPlayer}} for 30 seconds — or take 3 drinks.
475,Extreme,Call your last hookup and say 'I miss your body' or take 4 drinks.
476,Extreme,Show the group the last nude you received (or take 5 drinks).
477,Extreme,Take a naked selfie (not shared) or finish your drink.
478,Extreme,Let {{randomOtherPlayer}} draw something on your chest — clothing off.
479,Extreme,Everyone removes one article of clothing. Last person to do so finishes their drink.
480,Extreme,"Spin a bottle — whoever it lands on, you have to make out with for 20 seconds."
481,Extreme,Seven minutes in heaven with {{randomOtherPlayer}} — or both take 5 drinks.
482,Extreme,Go into a private room with {{randomOtherPlayer}} for 3 minutes or take 4 drinks.
483,Extreme,Wild Card: Skip this prompt and take {{randomOtherPlayer}} somewhere private for 2 minutes — or both finish your drinks.
484,Extreme,Hookup with {{randomOtherPlayer}} or take 3 drinks.
485,Extreme,"Drink if you've ever had a threesome. If you haven't but want to, remove an article of clothing."
486,Extreme,Drink if you've ever been spit on during sex — and liked it.
487,Extreme,Drink if you've ever asked someone to choke you harder.
488,Extreme,Drink if you've ever had sex with more than one person in 24 hours.
489,Extreme,Drink if you've ever been double penetrated.
490,Extreme,Drink if you've ever given or received a golden shower.
491,Extreme,Drink if you've ever let someone finish on your face.
492,Extreme,"Drink if you've ever swallowed. If you haven't, take 2 drinks instead."
493,Extreme,Drink if you've ever been fisted or fisted someone.
494,Extreme,Drink if you've ever had sex while on your period.
495,Extreme,Drink if you've ever done anal without lube.
496,Extreme,Drink if you've ever had sex so loud the neighbors complained.
497,Extreme,Drink if you've ever had sex in front of other people (intentionally).
498,Extreme,"Drink if you've ever had sex at work — in the office, not just the building."
499,Extreme,Drink if you've ever had sex in a bathroom stall at a bar or club.
500,Extreme,"Drink if you've ever had sex on a plane, train, or bus."
501,Extreme,Drink if you've ever had sex in someone else's bed without them knowing.
502,Extreme,Drink if you've ever been walked in on mid-orgasm.
503,Extreme,Drink if you've ever used a butt plug during sex.
504,Extreme,Drink if you've ever filmed yourself masturbating.
505,Extreme,Drink if you've ever watched your own sex tape back.
506,Extreme,Drink if you've ever had sex while on a video call with someone else.
507,Extreme,Drink if you've ever used food during sex (and not just whipped cream).
508,Extreme,"Drink if you've ever been paid for anything sexual. If yes, remove an article of clothing."
509,Extreme,Drink if you've ever had a sugar daddy or sugar mommy. Remove clothing if still active.
510,Extreme,Drink if you've ever sent nudes to more than 5 different people. Remove an item if over 10.
511,Extreme,"Drink if you've ever been fully naked in front of a group. If not, you are now — strip or finish your drink."
512,Extreme,Drink if you've ever masturbated thinking about someone in this room. Make eye contact with them or take 3 more.
513,Extreme,Drink if you've ever been someone's 'first.' Name them or take 3 more drinks.
514,Extreme,Drink if you've ever had sex with someone in this room. Confirm it or both of you finish your drinks.
515,Extreme,Drink if you've ever faked an orgasm with someone in this room. Look at them while you drink.
516,Extreme,Drink if you've ever paid for sex or sexual services. Admit it or remove an article of clothing.
517,Extreme,Drink if you've ever made someone cry during sex (good or bad). Tell the story or take 4 drinks.
518,Extreme,Drink if you've ever hooked up with a family member's friend.
519,Extreme,Drink if you've ever hooked up with someone at a funeral or wedding.
520,Extreme,"Drink if you've ever had sex in a church, temple, or place of worship."
521,Extreme,Drink if you've ever had sex with someone 15+ years older or younger than you.
522,Extreme,Drink if you've ever hooked up with someone whose name you still don't know.
800,Extreme,Describe in detail exactly how you'd spend seven minutes alone with {{randomOtherPlayer}} — or take 5 drinks.
801,Extreme,Let {{randomOtherPlayer}} write a dirty word on your body with their finger; the group guesses it.
802,Extreme,Never have I ever finished before my partner and pretended I hadn't.
803,Extreme,"Reenact your loudest bedroom moment with sound only — group rates it, under 5 finish your drink."
804,Extreme,Give {{randomOtherPlayer}} a lap dance for one full song — or strip one item and take 3 drinks.
805,Extreme,Let {{randomOtherPlayer}} guide your hands to show exactly where they like to be touched — or take 4 drinks.
806,Extreme,"Confess the kinkiest thing you've done this month, or remove two items of clothing."
807,Extreme,Take a body shot off {{randomOtherPlayer}} from a spot they choose below the collarbone.
808,Extreme,Whisper to {{randomOtherPlayer}} the filthiest thing you'd want them to do to you — or finish your drink.
809,Extreme,Drink if you've ever had sex somewhere everyone in this room has also been.
810,Extreme,Let {{randomOtherPlayer}} bite you anywhere they choose above the waist — or take 3 drinks.
811,Extreme,"Simulate your favorite position with {{randomOtherPlayer}}, fully clothed, for 20 seconds — or take 4 drinks."
812,Extreme,"Describe your dirtiest fantasy involving someone in this room — no names, but we'll guess — or take 5 drinks."
813,Extreme,Let {{randomOtherPlayer}} remove one item of your clothing using only their teeth — or take 4 drinks.
814,Extreme,Never have I ever kept going after someone walked in.
815,Extreme,Kiss {{randomOtherPlayer}} anywhere below the neck for 10 seconds — or finish your drink.
816,Extreme,Let the group choose two players to spend 5 minutes alone in another room — or both finish their drinks.
817,Extreme,Grind on {{randomOtherPlayer}}'s lap until the next prompt is drawn — or take 5 drinks.
818,Extreme,Make the noise you make at your absolute loudest — everyone else votes if it's real or fake.
819,Extreme,Let {{randomOtherPlayer}} trace an ice cube from your collarbone to wherever they dare — or take 4 drinks.
820,Extreme,"Confess the wildest thing you've ever agreed to in bed, or remove an item of clothing."
821,Extreme,Straddle {{randomOtherPlayer}} and whisper what you'd do if the room were empty — or take 5 drinks.
822,Extreme,Drink if you've ever hooked up with two people from the same friend group.
823,Extreme,Let {{randomOtherPlayer}} spank you once for every year of your age divided by ten — or take 4 drinks.
824,Extreme,"Blindfold yourself and let {{randomOtherPlayer}} kiss you somewhere; guess where — wrong answer, finish your drink."
825,Extreme,Describe your most-used toy and exactly how you use it — or take 5 drinks.
826,Extreme,Let {{randomOtherPlayer}} unbutton or unzip one item of your clothing with their mouth — or take 4 drinks.
827,Extreme,"Never have I ever sent a full video, not just a photo."
828,Extreme,Pick a player and act out the first 20 seconds of a hookup with them — or finish your drink.
829,Extreme,Let {{randomOtherPlayer}} leave a mark somewhere only their next hookup would see — or take 4 drinks.
830,Extreme,"Confess the most people you've been with in a single week, or remove an item."
831,Extreme,Take turns kissing up {{randomOtherPlayer}}'s arm; whoever pulls away first finishes their drink.
832,Extreme,Narrate slowly exactly how you'd undress {{randomOtherPlayer}} — or take 5 drinks.
833,Extreme,Drink if you've ever recorded audio of yourself during sex.
834,Extreme,Let {{randomOtherPlayer}} pour a shot anywhere on your body above the waist and take it off you.
835,Extreme,"Simulate going down on {{randomOtherPlayer}} for 10 seconds, fully clothed — or take 4 drinks."
836,Extreme,"Confess your 'safe' number, then your real number — the group drinks the difference."
837,Extreme,Let {{randomOtherPlayer}} run their hands anywhere over your clothes for 30 seconds — or take 4 drinks.
838,Extreme,Never have I ever done something in bed I'd be too embarrassed to admit right now.
839,Extreme,Kiss the person you find most attractive here for 15 seconds — or finish your drink and admit who it is.
840,Extreme,"Let {{randomOtherPlayer}} choose: strip one item, or sit on their lap for the rest of the game."
841,Extreme,Describe the dirtiest dream you've had about someone at this party — or take 5 drinks.
842,Extreme,Give {{randomOtherPlayer}} a hickey somewhere hidden — or take 4 drinks.
843,Extreme,Drink if you've ever hooked up with two different people in the same day.
844,Extreme,Let {{randomOtherPlayer}} tie your hands and feed you your drink — or take 3 drinks.
845,Extreme,Use your signature move on {{randomOtherPlayer}} like you're trying to take them home tonight.
846,Extreme,"Confess the riskiest place you've ever finished, or remove an item of clothing."
847,Extreme,"Let {{randomOtherPlayer}} whisper one instruction in your ear and follow it, or finish your drink instead."
848,Extreme,Never have I ever hooked up with someone while their roommate was in the same room.
849,Extreme,Take a shot from {{randomOtherPlayer}}'s mouth — or take two shots on your own.
850,Extreme,Describe your filthiest 'I've never told anyone' fantasy — or finish your drink.
851,Extreme,Let {{randomOtherPlayer}} pick one item of your clothing to keep for the rest of the night — or take 4 drinks.
852,Extreme,"Kiss your way from {{randomOtherPlayer}}'s hand up to their shoulder, slowly — or take 3 drinks."
853,Extreme,Drink if you've ever been the 'other person' and knew it the whole time.
854,Extreme,Let the group dare you and {{randomOtherPlayer}} to do one thing together — majority rules — or both finish your drinks.
855,Extreme,Confess the most times you've gone in one night — the group drinks that number.
856,Extreme,Let {{randomOtherPlayer}} blindfold you and trace their lips anywhere above the waist for 20 seconds — or take 4 drinks.
857,Extreme,Fake your loudest finish for 10 seconds while locking eyes with {{randomOtherPlayer}} — or take 4 drinks.
858,Extreme,Never have I ever hooked up somewhere other people could see me.
859,Extreme,Take {{randomOtherPlayer}} somewhere private for 3 minutes and come back — or both finish your drinks and confess why you didn't.
